outcome,loanID,married,dependents,education,selfEmployed,applicantIncome,coapplicantIncome,loanAmount,loanAmountTerm,creditHistory,propertyArea
0,LP001003,1,1,1,0,4583,1508.0,128.0,360.0,1.0,1
1,LP001005,1,0,1,1,3000,0.0,66.0,360.0,1.0,3
1,LP001006,1,0,0,0,2583,2358.0,120.0,360.0,1.0,3
1,LP001008,0,0,1,0,6000,0.0,141.0,360.0,1.0,3
1,LP001011,1,2,1,1,5417,4196.0,267.0,360.0,1.0,3
1,LP001013,1,0,0,0,2333,1516.0,95.0,360.0,1.0,3
0,LP001014,1,3,1,0,3036,2504.0,158.0,360.0,0.0,2
1,LP001018,1,2,1,0,4006,1526.0,168.0,360.0,1.0,3
0,LP001020,1,1,1,0,12841,10968.0,349.0,360.0,1.0,2
1,LP001024,1,2,1,0,3200,700.0,70.0,360.0,1.0,3
1,LP001027,1,2,1,0,2500,1840.0,109.0,360.0,1.0,3
1,LP001028,1,2,1,0,3073,8106.0,200.0,360.0,1.0,3
0,LP001029,0,0,1,0,1853,2840.0,114.0,360.0,1.0,1
1,LP001030,1,2,1,0,1299,1086.0,17.0,120.0,1.0,3
1,LP001032,0,0,1,0,4950,0.0,125.0,360.0,1.0,3
1,LP001034,0,1,0,0,3596,0.0,100.0,240.0,No,3
0,LP001036,0,0,1,0,3510,0.0,76.0,360.0,0.0,3
0,LP001038,1,0,0,0,4887,0.0,133.0,360.0,1.0,1
0,LP001043,1,0,0,0,7660,0.0,104.0,360.0,0.0,3
1,LP001046,1,1,1,0,5955,5625.0,315.0,360.0,1.0,3
0,LP001047,1,0,0,0,2600,1911.0,116.0,360.0,0.0,2
0,LP001050,1,2,0,0,3365,1917.0,112.0,360.0,0.0,1
0,LP001052,1,1,1,0,3717,2925.0,151.0,360.0,No,2
1,LP001066,1,0,1,1,9560,0.0,191.0,360.0,1.0,2
1,LP001068,1,0,1,0,2799,2253.0,122.0,360.0,1.0,2
1,LP001073,1,2,0,0,4226,1040.0,110.0,360.0,1.0,3
0,LP001086,0,0,0,0,1442,0.0,35.0,360.0,1.0,3
1,LP001087,0,2,1,0,3750,2083.0,120.0,360.0,1.0,2
0,LP001091,1,1,1,0,4166,3369.0,201.0,360.0,No,3
0,LP001095,0,0,1,0,3167,0.0,74.0,360.0,1.0,3
0,LP001097,0,1,1,1,4692,0.0,106.0,360.0,1.0,1
1,LP001098,1,0,1,0,3500,1667.0,114.0,360.0,1.0,2
0,LP001100,0,3,1,0,12500,3000.0,320.0,360.0,1.0,1
1,LP001112,1,0,1,0,3667,1459.0,144.0,360.0,1.0,2
1,LP001114,0,0,1,0,4166,7210.0,184.0,360.0,1.0,3
1,LP001116,0,0,0,0,3748,1668.0,110.0,360.0,1.0,2
0,LP001119,0,0,1,0,3600,0.0,80.0,360.0,1.0,3
1,LP001120,0,0,1,0,1800,1213.0,47.0,360.0,1.0,3
1,LP001123,1,0,1,0,2400,0.0,75.0,360.0,No,3
1,LP001131,1,0,1,0,3941,2336.0,134.0,360.0,1.0,2
1,LP001138,1,1,1,0,5649,0.0,44.0,360.0,1.0,3
1,LP001144,1,0,1,0,5821,0.0,144.0,360.0,1.0,3
0,LP001146,1,0,1,0,2645,3440.0,120.0,360.0,0.0,3
1,LP001151,0,0,1,0,4000,2275.0,144.0,360.0,1.0,2
1,LP001155,1,0,0,0,1928,1644.0,100.0,360.0,1.0,2
1,LP001157,0,0,1,0,3086,0.0,120.0,360.0,1.0,2
0,LP001164,0,0,1,0,4230,0.0,112.0,360.0,1.0,2
0,LP001179,1,2,1,0,4616,0.0,134.0,360.0,1.0,3
0,LP001186,1,1,1,1,11500,0.0,286.0,360.0,0.0,3
1,LP001194,1,2,1,0,2708,1167.0,97.0,360.0,1.0,2
1,LP001195,1,0,1,0,2132,1591.0,96.0,360.0,1.0,2
0,LP001197,1,0,1,0,3366,2200.0,135.0,360.0,1.0,1
1,LP001198,1,1,1,0,8080,2250.0,180.0,360.0,1.0,3
1,LP001199,1,2,0,0,3357,2859.0,144.0,360.0,1.0,3
1,LP001205,1,0,1,0,2500,3796.0,120.0,360.0,1.0,3
1,LP001206,1,3,1,0,3029,0.0,99.0,360.0,1.0,3
0,LP001207,1,0,0,1,2609,3449.0,165.0,180.0,0.0,1
0,LP001222,0,0,1,0,4166,0.0,116.0,360.0,0.0,2
0,LP001225,1,0,1,0,5726,4595.0,258.0,360.0,1.0,2
0,LP001228,0,0,0,0,3200,2254.0,126.0,180.0,0.0,3
1,LP001233,1,1,1,0,10750,0.0,312.0,360.0,1.0,3
1,LP001238,1,3,0,1,7100,0.0,125.0,60.0,1.0,3
0,LP001241,0,0,1,0,4300,0.0,136.0,360.0,0.0,2
1,LP001243,1,0,1,0,3208,3066.0,172.0,360.0,1.0,3
1,LP001245,1,2,0,1,1875,1875.0,97.0,360.0,1.0,2
1,LP001248,0,0,1,0,3500,0.0,81.0,300.0,1.0,2
1,LP001253,1,3,1,1,5266,1774.0,187.0,360.0,1.0,2
0,LP001255,0,0,1,0,3750,0.0,113.0,480.0,1.0,3
0,LP001256,0,0,1,0,3750,4750.0,176.0,360.0,1.0,3
0,LP001259,1,1,1,1,1000,3022.0,110.0,360.0,1.0,3
0,LP001263,1,3,1,0,3167,4000.0,180.0,300.0,0.0,2
1,LP001264,1,3,0,1,3333,2166.0,130.0,360.0,No,2
1,LP001265,0,0,1,0,3846,0.0,111.0,360.0,1.0,2
0,LP001267,1,2,1,0,1378,1881.0,167.0,360.0,1.0,3
0,LP001273,1,0,1,0,6000,2250.0,265.0,360.0,No,2
1,LP001275,1,1,1,0,3988,0.0,50.0,240.0,1.0,3
1,LP001279,0,0,1,0,2366,2531.0,136.0,360.0,1.0,2
1,LP001280,1,2,0,0,3333,2000.0,99.0,360.0,No,2
1,LP001282,1,0,1,0,2500,2118.0,104.0,360.0,1.0,2
1,LP001289,0,0,1,0,8566,0.0,210.0,360.0,1.0,3
1,LP001310,1,0,1,0,5695,4167.0,175.0,360.0,1.0,2
1,LP001316,1,0,1,0,2958,2900.0,131.0,360.0,1.0,2
1,LP001318,1,2,1,0,6250,5654.0,188.0,180.0,1.0,2
1,LP001319,1,2,0,0,3273,1820.0,81.0,360.0,1.0,3
1,LP001322,0,0,1,0,4133,0.0,122.0,360.0,1.0,2
1,LP001325,0,0,0,0,3620,0.0,25.0,120.0,1.0,2
1,LP001327,1,0,1,0,2484,2302.0,137.0,360.0,1.0,2
1,LP001333,1,0,1,0,1977,997.0,50.0,360.0,1.0,2
1,LP001334,1,0,0,0,4188,0.0,115.0,180.0,1.0,2
1,LP001343,1,0,1,0,1759,3541.0,131.0,360.0,1.0,2
1,LP001345,1,2,0,0,4288,3263.0,133.0,180.0,1.0,3
1,LP001349,0,0,1,0,4843,3806.0,151.0,360.0,1.0,2
1,LP001357,0,0,1,0,3816,754.0,160.0,360.0,1.0,3
1,LP001367,1,1,1,0,3052,1030.0,100.0,360.0,1.0,3
1,LP001369,1,2,1,0,11417,1126.0,225.0,360.0,1.0,3
0,LP001370,0,0,0,0,7333,0.0,120.0,360.0,1.0,1
0,LP001379,1,2,1,0,3800,3600.0,216.0,360.0,0.0,3
1,LP001384,1,3,0,0,2071,754.0,94.0,480.0,1.0,2
1,LP001385,0,0,1,0,5316,0.0,136.0,360.0,1.0,3
1,LP001387,1,0,1,0,2929,2333.0,139.0,360.0,1.0,2
1,LP001398,0,0,1,0,5050,0.0,118.0,360.0,1.0,2
1,LP001401,1,1,1,0,14583,0.0,185.0,180.0,1.0,1
1,LP001404,1,0,1,0,3167,2283.0,154.0,360.0,1.0,2
1,LP001405,1,1,1,0,2214,1398.0,85.0,360.0,No,3
0,LP001421,1,0,1,0,5568,2142.0,175.0,360.0,1.0,1
1,LP001422,0,0,1,0,10408,0.0,259.0,360.0,1.0,3
1,LP001426,1,0,1,0,5667,2667.0,180.0,360.0,1.0,1
1,LP001430,0,0,1,0,4166,0.0,44.0,360.0,1.0,2
1,LP001431,0,0,1,0,2137,8980.0,137.0,360.0,0.0,2
1,LP001432,1,2,1,0,2957,0.0,81.0,360.0,1.0,2
1,LP001439,1,0,0,0,4300,2014.0,194.0,360.0,1.0,1
1,LP001443,0,0,1,0,3692,0.0,93.0,360.0,No,1
1,LP001448,1,3,1,0,23803,0.0,370.0,360.0,1.0,1
0,LP001451,1,1,1,1,10513,3850.0,160.0,180.0,0.0,3
0,LP001465,1,0,1,0,6080,2569.0,182.0,360.0,No,1
1,LP001469,0,0,1,1,20166,0.0,650.0,480.0,No,3
1,LP001473,0,0,1,0,2014,1929.0,74.0,360.0,1.0,3
1,LP001478,0,0,1,0,2718,0.0,70.0,360.0,1.0,2
1,LP001482,1,0,1,1,3459,0.0,25.0,120.0,1.0,2
1,LP001487,0,0,1,0,4895,0.0,102.0,360.0,1.0,2
0,LP001488,1,3,1,0,4000,7750.0,290.0,360.0,1.0,2
0,LP001489,1,0,1,0,4583,0.0,84.0,360.0,1.0,1
1,LP001491,1,2,1,1,3316,3500.0,88.0,360.0,1.0,3
0,LP001492,0,0,1,0,14999,0.0,242.0,360.0,0.0,2
0,LP001493,1,2,0,0,4200,1430.0,129.0,360.0,1.0,1
0,LP001497,1,2,1,0,5042,2083.0,185.0,360.0,1.0,1
1,LP001498,0,0,1,0,5417,0.0,168.0,360.0,1.0,3
1,LP001504,0,0,1,1,6950,0.0,175.0,180.0,1.0,2
1,LP001507,1,0,1,0,2698,2034.0,122.0,360.0,1.0,2
1,LP001508,1,2,1,0,11757,0.0,187.0,180.0,1.0,3
1,LP001514,1,0,1,0,2330,4486.0,100.0,360.0,1.0,2
1,LP001516,1,2,1,0,14866,0.0,70.0,360.0,1.0,3
1,LP001518,1,1,1,0,1538,1425.0,30.0,360.0,1.0,3
0,LP001519,0,0,1,0,10000,1666.0,225.0,360.0,1.0,1
1,LP001520,1,0,1,0,4860,830.0,125.0,360.0,1.0,2
0,LP001528,0,0,1,0,6277,0.0,118.0,360.0,0.0,1
1,LP001529,1,0,1,1,2577,3750.0,152.0,360.0,1.0,1
0,LP001531,0,0,1,0,9166,0.0,244.0,360.0,1.0,3
0,LP001532,1,2,0,0,2281,0.0,113.0,360.0,1.0,1
1,LP001535,0,0,1,0,3254,0.0,50.0,360.0,1.0,3
1,LP001536,1,3,1,0,39999,0.0,600.0,180.0,0.0,2
1,LP001541,1,1,1,0,6000,0.0,160.0,360.0,No,1
1,LP001543,1,1,1,0,9538,0.0,187.0,360.0,1.0,3
1,LP001546,0,0,1,0,2980,2083.0,120.0,360.0,1.0,1
1,LP001552,1,0,1,0,4583,5625.0,255.0,360.0,1.0,2
1,LP001560,1,0,0,0,1863,1041.0,98.0,360.0,1.0,2
0,LP001562,1,0,1,0,7933,0.0,275.0,360.0,1.0,3
0,LP001565,1,1,1,0,3089,1280.0,121.0,360.0,0.0,2
1,LP001570,1,2,1,0,4167,1447.0,158.0,360.0,1.0,1
1,LP001572,1,0,1,0,9323,0.0,75.0,180.0,1.0,3
0,LP001577,1,0,1,0,4583,0.0,112.0,360.0,1.0,1
1,LP001578,1,0,1,0,2439,3333.0,129.0,360.0,1.0,1
0,LP001579,0,0,1,0,2237,0.0,63.0,480.0,0.0,2
1,LP001580,1,2,1,0,8000,0.0,200.0,360.0,1.0,2
1,LP001581,1,0,0,0,1820,1769.0,95.0,360.0,1.0,1
1,LP001585,1,3,1,0,51763,0.0,700.0,300.0,1.0,3
0,LP001586,1,3,0,0,3522,0.0,81.0,180.0,1.0,1
1,LP001594,1,0,1,0,5708,5625.0,187.0,360.0,1.0,2
0,LP001603,1,0,0,1,4344,736.0,87.0,360.0,1.0,2
1,LP001606,1,0,1,0,3497,1964.0,116.0,360.0,1.0,1
1,LP001608,1,2,1,0,2045,1619.0,101.0,360.0,1.0,1
0,LP001610,1,3,1,0,5516,11300.0,495.0,360.0,0.0,2
1,LP001616,1,1,1,0,3750,0.0,116.0,360.0,1.0,2
0,LP001630,0,0,0,0,2333,1451.0,102.0,480.0,0.0,3
0,LP001633,1,1,1,0,6400,7250.0,180.0,360.0,0.0,3
0,LP001634,0,0,1,0,1916,5063.0,67.0,360.0,No,1
1,LP001636,1,0,1,0,4600,0.0,73.0,180.0,1.0,2
0,LP001637,1,1,1,0,33846,0.0,260.0,360.0,1.0,2
1,LP001639,1,0,1,0,3625,0.0,108.0,360.0,1.0,2
1,LP001640,1,0,1,1,39147,4750.0,120.0,360.0,1.0,2
0,LP001641,1,1,1,1,2178,0.0,66.0,300.0,0.0,1
1,LP001643,1,0,1,0,2383,2138.0,58.0,360.0,No,1
1,LP001644,1,0,1,1,674,5296.0,168.0,360.0,1.0,1
1,LP001647,1,0,1,0,9328,0.0,188.0,180.0,1.0,1
1,LP001653,0,0,0,0,4885,0.0,48.0,360.0,1.0,1
0,LP001656,0,0,1,0,12000,0.0,164.0,360.0,1.0,2
0,LP001657,1,0,0,0,6033,0.0,160.0,360.0,1.0,3
1,LP001658,0,0,1,0,3858,0.0,76.0,360.0,1.0,2
1,LP001664,0,0,1,0,4191,0.0,120.0,360.0,1.0,1
0,LP001665,1,1,1,0,3125,2583.0,170.0,360.0,1.0,2
1,LP001666,0,0,1,0,8333,3750.0,187.0,360.0,1.0,1
1,LP001671,1,0,1,0,3416,2816.0,113.0,360.0,No,2
0,LP001673,0,0,1,1,11000,0.0,83.0,360.0,1.0,3
1,LP001674,1,1,0,0,2600,2500.0,90.0,360.0,1.0,2
1,LP001677,0,2,1,0,4923,0.0,166.0,360.0,0.0,2
1,LP001688,1,1,0,0,3500,1083.0,135.0,360.0,1.0,3
1,LP001691,1,2,0,0,3917,0.0,124.0,360.0,1.0,2
1,LP001692,0,0,0,0,4408,0.0,120.0,360.0,1.0,2
1,LP001693,0,0,1,0,3244,0.0,80.0,360.0,1.0,3
1,LP001698,0,0,0,0,3975,2531.0,55.0,360.0,1.0,1
1,LP001699,0,0,1,0,2479,0.0,59.0,360.0,1.0,3
0,LP001702,0,0,1,0,3418,0.0,127.0,360.0,1.0,2
0,LP001708,0,0,1,0,10000,0.0,214.0,360.0,1.0,2
0,LP001711,1,3,1,0,3430,1250.0,128.0,360.0,0.0,2
1,LP001713,1,1,1,1,7787,0.0,240.0,360.0,1.0,3
1,LP001715,1,3,0,1,5703,0.0,130.0,360.0,1.0,1
1,LP001716,1,0,1,0,3173,3021.0,137.0,360.0,1.0,3
1,LP001720,1,3,0,0,3850,983.0,100.0,360.0,1.0,2
0,LP001722,1,0,1,0,150,1800.0,135.0,360.0,1.0,1
1,LP001726,1,0,1,0,3727,1775.0,131.0,360.0,1.0,2
0,LP001732,1,2,1,0,5000,0.0,72.0,360.0,0.0,2
1,LP001734,1,2,1,0,4283,2383.0,127.0,360.0,No,2
0,LP001736,1,0,1,0,2221,0.0,60.0,360.0,0.0,3
1,LP001743,1,2,1,0,4009,1717.0,116.0,360.0,1.0,2
1,LP001744,0,0,1,0,2971,2791.0,144.0,360.0,1.0,2
1,LP001750,1,0,1,0,6250,0.0,128.0,360.0,1.0,2
0,LP001751,1,0,1,0,3250,0.0,170.0,360.0,1.0,1
0,LP001754,1,0,0,1,4735,0.0,138.0,360.0,1.0,3
1,LP001758,1,2,1,0,6250,1695.0,210.0,360.0,1.0,2
1,LP001760,0,0,1,0,4758,0.0,158.0,480.0,1.0,2
1,LP001761,0,0,1,1,6400,0.0,200.0,360.0,1.0,1
1,LP001765,1,1,1,0,2491,2054.0,104.0,360.0,1.0,2
1,LP001768,1,0,1,0,3716,0.0,42.0,180.0,1.0,1
1,LP001776,0,0,1,0,8333,0.0,280.0,360.0,1.0,2
1,LP001778,1,1,1,0,3155,1779.0,140.0,360.0,1.0,2
1,LP001784,1,1,1,0,5500,1260.0,170.0,360.0,1.0,1
0,LP001786,1,0,1,0,5746,0.0,255.0,360.0,No,3
1,LP001788,0,0,1,1,3463,0.0,122.0,360.0,No,3
1,LP001790,0,1,1,0,3812,0.0,112.0,360.0,1.0,1
1,LP001792,1,1,1,0,3315,0.0,96.0,360.0,1.0,2
1,LP001798,1,2,1,0,5819,5000.0,120.0,360.0,1.0,1
0,LP001800,1,1,0,0,2510,1983.0,140.0,180.0,1.0,3
1,LP001806,0,0,1,0,2965,5701.0,155.0,60.0,1.0,3
1,LP001807,1,2,1,1,6250,1300.0,108.0,360.0,1.0,1
1,LP001811,1,0,0,0,3406,4417.0,123.0,360.0,1.0,2
0,LP001813,0,0,1,1,6050,4333.0,120.0,180.0,1.0,3
1,LP001814,1,2,1,0,9703,0.0,112.0,360.0,1.0,3
1,LP001819,1,1,0,0,6608,0.0,137.0,180.0,1.0,3
1,LP001824,1,1,1,0,2882,1843.0,123.0,480.0,1.0,2
1,LP001825,1,0,1,0,1809,1868.0,90.0,360.0,1.0,3
0,LP001835,1,0,0,0,1668,3890.0,201.0,360.0,0.0,2
0,LP001836,0,2,1,0,3427,0.0,138.0,360.0,1.0,3
1,LP001841,0,0,0,1,2583,2167.0,104.0,360.0,1.0,1
1,LP001843,1,1,0,0,2661,7101.0,279.0,180.0,1.0,2
0,LP001844,0,0,1,1,16250,0.0,192.0,360.0,0.0,3
1,LP001846,0,3,1,0,3083,0.0,255.0,360.0,1.0,1
0,LP001849,0,0,0,0,6045,0.0,115.0,360.0,0.0,1
0,LP001854,1,3,1,0,5250,0.0,94.0,360.0,1.0,3
0,LP001859,1,0,1,0,14683,2100.0,304.0,360.0,1.0,1
0,LP001864,1,3,0,0,4931,0.0,128.0,360.0,No,2
1,LP001865,1,1,1,0,6083,4250.0,330.0,360.0,No,3
1,LP001868,0,0,1,0,2060,2209.0,134.0,360.0,1.0,2
0,LP001870,0,1,1,0,3481,0.0,155.0,36.0,1.0,2
1,LP001871,0,0,1,0,7200,0.0,120.0,360.0,1.0,1
1,LP001872,0,0,1,1,5166,0.0,128.0,360.0,1.0,2
1,LP001875,0,0,1,0,4095,3447.0,151.0,360.0,1.0,1
1,LP001877,1,2,1,0,4708,1387.0,150.0,360.0,1.0,2
1,LP001882,1,3,1,0,4333,1811.0,160.0,360.0,0.0,3
0,LP001883,0,0,1,0,3418,0.0,135.0,360.0,1.0,1
1,LP001884,0,1,1,0,2876,1560.0,90.0,360.0,1.0,3
1,LP001888,0,0,1,0,3237,0.0,30.0,360.0,1.0,3
1,LP001891,1,0,1,0,11146,0.0,136.0,360.0,1.0,3
1,LP001892,0,0,1,0,2833,1857.0,126.0,360.0,1.0,1
1,LP001894,1,0,1,0,2620,2223.0,150.0,360.0,1.0,2
1,LP001896,1,2,1,0,3900,0.0,90.0,360.0,1.0,2
1,LP001900,1,1,1,0,2750,1842.0,115.0,360.0,1.0,2
1,LP001903,1,0,1,0,3993,3274.0,207.0,360.0,1.0,2
1,LP001904,1,0,1,0,3103,1300.0,80.0,360.0,1.0,3
1,LP001907,1,0,1,0,14583,0.0,436.0,360.0,1.0,2
1,LP001908,1,0,0,0,4100,0.0,124.0,360.0,No,1
0,LP001910,0,1,0,1,4053,2426.0,158.0,360.0,0.0,3
1,LP001914,1,0,1,0,3927,800.0,112.0,360.0,1.0,2
1,LP001915,1,2,1,0,2301,985.7999877999998,78.0,180.0,1.0,3
1,LP001917,0,0,1,0,1811,1666.0,54.0,360.0,1.0,3
1,LP001924,0,0,1,0,3158,3053.0,89.0,360.0,1.0,1
0,LP001925,0,0,1,1,2600,1717.0,99.0,300.0,1.0,2
1,LP001926,1,0,1,0,3704,2000.0,120.0,360.0,1.0,1
1,LP001931,0,0,1,0,4124,0.0,115.0,360.0,1.0,2
1,LP001935,0,0,1,0,9508,0.0,187.0,360.0,1.0,1
1,LP001936,1,0,1,0,3075,2416.0,139.0,360.0,1.0,1
0,LP001938,1,2,1,0,4400,0.0,127.0,360.0,0.0,2
1,LP001940,1,2,1,0,3153,1560.0,134.0,360.0,1.0,3
0,LP001945,0,0,1,0,5417,0.0,143.0,480.0,0.0,3
1,LP001947,1,0,1,0,2383,3334.0,172.0,360.0,1.0,2
1,LP001949,1,3,1,0,4416,1250.0,110.0,360.0,1.0,3
1,LP001953,1,1,1,0,6875,0.0,200.0,360.0,1.0,2
1,LP001954,1,1,1,0,4666,0.0,135.0,360.0,1.0,3
0,LP001955,0,0,1,0,5000,2541.0,151.0,480.0,1.0,1
0,LP001963,1,1,1,0,2014,2925.0,113.0,360.0,1.0,3
0,LP001964,1,0,0,0,1800,2934.0,93.0,360.0,0.0,3
1,LP001972,1,0,0,0,2875,1750.0,105.0,360.0,1.0,2
1,LP001974,0,0,1,0,5000,0.0,132.0,360.0,1.0,1
1,LP001977,1,1,1,0,1625,1803.0,96.0,360.0,1.0,3
1,LP001978,0,0,1,0,4000,2500.0,140.0,360.0,1.0,1
1,LP001993,0,0,1,0,3762,1666.0,135.0,360.0,1.0,1
0,LP001994,0,0,1,0,2400,1863.0,104.0,360.0,0.0,3
0,LP001996,0,0,1,0,20233,0.0,480.0,360.0,1.0,1
1,LP001998,1,2,0,0,7667,0.0,185.0,360.0,No,1
1,LP002002,0,0,1,0,2917,0.0,84.0,360.0,1.0,2
1,LP002004,0,0,0,0,2927,2405.0,111.0,360.0,1.0,2
1,LP002006,0,0,1,0,2507,0.0,56.0,360.0,1.0,1
1,LP002008,1,2,1,1,5746,0.0,144.0,84.0,No,1
0,LP002024,1,0,1,0,2473,1843.0,159.0,360.0,1.0,1
1,LP002031,1,1,0,0,3399,1640.0,111.0,180.0,1.0,3
1,LP002035,1,2,1,0,3717,0.0,120.0,360.0,1.0,2
1,LP002036,1,0,1,0,2058,2134.0,88.0,360.0,No,3
1,LP002043,0,1,1,0,3541,0.0,112.0,360.0,No,2
0,LP002050,1,1,1,1,10000,0.0,155.0,360.0,1.0,1
1,LP002051,1,0,1,0,2400,2167.0,115.0,360.0,1.0,2
1,LP002053,1,3,1,0,4342,189.0,124.0,360.0,1.0,2
1,LP002055,0,0,1,0,3166,2985.0,132.0,360.0,No,1
1,LP002065,1,3,1,0,15000,0.0,300.0,360.0,1.0,1
0,LP002067,1,1,1,1,8666,4983.0,376.0,360.0,0.0,1
1,LP002068,0,0,1,0,4917,0.0,130.0,360.0,0.0,1
1,LP002082,1,0,1,1,5818,2160.0,184.0,360.0,1.0,2
0,LP002086,1,0,1,0,4333,2451.0,110.0,360.0,1.0,3
1,LP002087,0,0,1,0,2500,0.0,67.0,360.0,1.0,3
1,LP002097,0,1,1,0,4384,1793.0,117.0,360.0,1.0,3
1,LP002098,0,0,1,0,2935,0.0,98.0,360.0,1.0,2
1,LP002100,0,0,1,0,2833,0.0,71.0,360.0,1.0,3
1,LP002101,1,0,1,0,63337,0.0,490.0,180.0,1.0,3
1,LP002103,1,1,1,1,9833,1833.0,182.0,180.0,1.0,3
1,LP002110,1,1,1,0,5250,688.0,160.0,360.0,1.0,1
1,LP002112,1,2,1,1,2500,4600.0,176.0,360.0,1.0,1
1,LP002114,0,0,1,0,4160,0.0,71.0,360.0,1.0,2
0,LP002115,1,3,0,0,2647,1587.0,173.0,360.0,1.0,1
0,LP002116,0,0,1,0,2378,0.0,46.0,360.0,1.0,1
1,LP002119,1,1,0,0,4554,1229.0,158.0,360.0,1.0,3
1,LP002126,1,3,0,0,3173,0.0,74.0,360.0,1.0,2
1,LP002128,1,2,1,0,2583,2330.0,125.0,360.0,1.0,1
1,LP002129,1,0,1,0,2499,2458.0,160.0,360.0,1.0,2
0,LP002130,1,0,0,0,3523,3230.0,152.0,360.0,0.0,1
1,LP002131,1,2,0,0,3083,2168.0,126.0,360.0,1.0,3
1,LP002137,1,0,1,0,6333,4583.0,259.0,360.0,No,2
1,LP002138,1,0,1,0,2625,6250.0,187.0,360.0,1.0,1
1,LP002139,1,0,1,0,9083,0.0,228.0,360.0,1.0,2
0,LP002140,0,0,1,0,8750,4167.0,308.0,360.0,1.0,1
1,LP002141,1,3,1,0,2666,2083.0,95.0,360.0,1.0,1
0,LP002142,1,0,1,1,5500,0.0,105.0,360.0,0.0,1
1,LP002143,1,0,1,0,2423,505.0,130.0,360.0,1.0,2
1,LP002144,0,0,1,0,3813,0.0,116.0,180.0,1.0,3
1,LP002149,1,2,1,0,8333,3167.0,165.0,360.0,1.0,1
0,LP002151,1,1,1,0,3875,0.0,67.0,360.0,1.0,3
0,LP002158,1,0,0,0,3000,1666.0,100.0,480.0,0.0,3
1,LP002160,1,3,1,0,5167,3167.0,200.0,360.0,1.0,2
0,LP002161,0,1,1,0,4723,0.0,81.0,360.0,1.0,2
1,LP002170,1,2,1,0,5000,3667.0,236.0,360.0,1.0,2
1,LP002175,1,0,1,0,4750,2333.0,130.0,360.0,1.0,3
1,LP002178,1,0,1,0,3013,3033.0,95.0,300.0,No,3
1,LP002180,0,0,1,1,6822,0.0,141.0,360.0,1.0,1
0,LP002181,0,0,0,0,6216,0.0,133.0,360.0,1.0,1
0,LP002187,0,0,1,0,2500,0.0,96.0,480.0,1.0,2
1,LP002190,1,1,1,0,6325,0.0,175.0,360.0,1.0,2
0,LP002191,1,0,1,0,19730,5266.0,570.0,360.0,1.0,1
1,LP002194,0,0,1,1,15759,0.0,55.0,360.0,1.0,2
1,LP002197,1,2,1,0,5185,0.0,155.0,360.0,1.0,2
1,LP002201,1,2,1,1,9323,7873.0,380.0,300.0,1.0,1
0,LP002205,0,1,1,0,3062,1987.0,111.0,180.0,0.0,3
1,LP002209,0,0,1,0,2764,1459.0,110.0,360.0,1.0,3
1,LP002211,1,0,1,0,4817,923.0,120.0,180.0,1.0,3
1,LP002219,1,3,1,0,8750,4996.0,130.0,360.0,1.0,1
1,LP002223,1,0,1,0,4310,0.0,130.0,360.0,No,2
0,LP002224,0,0,1,0,3069,0.0,71.0,480.0,1.0,3
1,LP002225,1,2,1,0,5391,0.0,130.0,360.0,1.0,3
1,LP002226,1,0,1,0,3333,2500.0,128.0,360.0,1.0,2
1,LP002229,0,0,1,0,5941,4232.0,296.0,360.0,1.0,2
1,LP002231,0,0,1,0,6000,0.0,156.0,360.0,1.0,3
1,LP002234,0,0,1,1,7167,0.0,128.0,360.0,1.0,3
0,LP002236,1,2,1,0,4566,0.0,100.0,360.0,1.0,3
1,LP002237,0,1,1,0,3667,0.0,113.0,180.0,1.0,3
1,LP002239,0,0,0,0,2346,1600.0,132.0,360.0,1.0,2
1,LP002244,1,0,1,0,2333,2417.0,136.0,360.0,1.0,3
1,LP002250,1,0,1,0,5488,0.0,125.0,360.0,1.0,1
1,LP002255,0,3,1,0,9167,0.0,185.0,360.0,1.0,1
1,LP002262,1,3,1,0,9504,0.0,275.0,360.0,1.0,1
1,LP002263,1,0,1,0,2583,2115.0,120.0,360.0,No,3
1,LP002265,1,2,0,0,1993,1625.0,113.0,180.0,1.0,2
1,LP002266,1,2,1,0,3100,1400.0,113.0,360.0,1.0,3
1,LP002272,1,2,1,0,3276,484.0,135.0,360.0,No,2
0,LP002277,0,0,1,0,3180,0.0,71.0,360.0,0.0,3
1,LP002281,1,0,1,0,3033,1459.0,95.0,360.0,1.0,3
1,LP002284,0,0,0,0,3902,1666.0,109.0,360.0,1.0,1
0,LP002287,0,0,1,0,1500,1800.0,103.0,360.0,0.0,2
0,LP002288,1,2,0,0,2889,0.0,45.0,180.0,0.0,3
0,LP002296,0,0,0,0,2755,0.0,65.0,300.0,1.0,1
1,LP002297,0,0,1,0,2500,20000.0,103.0,360.0,1.0,2
1,LP002300,0,0,0,0,1963,0.0,53.0,360.0,1.0,2
0,LP002301,0,0,1,1,7441,0.0,194.0,360.0,1.0,1
1,LP002305,0,0,1,0,4547,0.0,115.0,360.0,1.0,2
1,LP002308,1,0,0,0,2167,2400.0,115.0,360.0,1.0,3
1,LP002314,0,0,0,0,2213,0.0,66.0,360.0,1.0,1
0,LP002315,1,1,1,0,8300,0.0,152.0,300.0,0.0,2
0,LP002317,1,3,1,0,81000,0.0,360.0,360.0,0.0,1
0,LP002318,0,1,0,1,3867,0.0,62.0,360.0,1.0,2
1,LP002319,1,0,1,0,6256,0.0,160.0,360.0,No,3
0,LP002328,1,0,0,0,6096,0.0,218.0,360.0,0.0,1
1,LP002332,1,0,0,0,2253,2033.0,110.0,360.0,1.0,1
0,LP002335,1,0,0,0,2149,3237.0,178.0,360.0,0.0,2
1,LP002337,0,0,1,0,2995,0.0,60.0,360.0,1.0,3
0,LP002341,0,1,1,0,2600,0.0,160.0,360.0,1.0,3
0,LP002342,1,2,1,1,1600,20000.0,239.0,360.0,1.0,3
1,LP002345,1,0,1,0,1025,2773.0,112.0,360.0,1.0,1
1,LP002347,1,0,1,0,3246,1417.0,138.0,360.0,1.0,2
1,LP002348,1,0,1,0,5829,0.0,138.0,360.0,1.0,1
1,LP002361,1,0,1,0,1820,1719.0,100.0,360.0,1.0,3
1,LP002364,1,0,1,0,14880,0.0,96.0,360.0,1.0,2
1,LP002366,1,0,1,0,2666,4300.0,121.0,360.0,1.0,1
0,LP002367,0,1,0,0,4606,0.0,81.0,360.0,1.0,1
1,LP002368,1,2,1,0,5935,0.0,133.0,360.0,1.0,2
1,LP002369,1,0,1,0,2920,16.12000084,87.0,360.0,1.0,1
1,LP002370,0,0,0,0,2717,0.0,60.0,180.0,1.0,3
1,LP002377,0,1,1,1,8624,0.0,150.0,360.0,1.0,2
0,LP002379,0,0,1,0,6500,0.0,105.0,360.0,0.0,1
1,LP002386,0,0,1,0,12876,0.0,405.0,360.0,1.0,2
1,LP002387,1,0,1,0,2425,2340.0,143.0,360.0,1.0,2
1,LP002390,0,0,1,0,3750,0.0,100.0,360.0,1.0,3
1,LP002398,0,0,1,0,1926,1851.0,50.0,360.0,1.0,2
0,LP002403,0,0,1,1,10416,0.0,187.0,360.0,0.0,3
1,LP002407,1,0,0,1,7142,0.0,138.0,360.0,1.0,1
1,LP002408,0,0,1,0,3660,5064.0,187.0,360.0,1.0,2
1,LP002409,1,0,1,0,7901,1833.0,180.0,360.0,1.0,1
1,LP002418,0,3,0,0,4707,1993.0,148.0,360.0,1.0,2
1,LP002422,0,1,1,0,37719,0.0,152.0,360.0,1.0,2
1,LP002424,1,0,1,0,7333,8333.0,175.0,300.0,No,1
1,LP002429,1,1,1,1,3466,1210.0,130.0,360.0,1.0,1
1,LP002434,1,2,0,0,4652,0.0,110.0,360.0,1.0,1
0,LP002435,1,0,1,0,3539,1376.0,55.0,360.0,1.0,1
0,LP002443,1,2,1,0,3340,1710.0,150.0,360.0,0.0,1
0,LP002444,0,1,0,1,2769,1542.0,190.0,360.0,No,2
0,LP002446,1,2,0,0,2309,1255.0,125.0,360.0,0.0,1
1,LP002447,1,2,0,0,1958,1456.0,60.0,300.0,No,3
0,LP002448,1,0,1,0,3948,1733.0,149.0,360.0,0.0,1
1,LP002449,1,0,1,0,2483,2466.0,90.0,180.0,0.0,1
1,LP002453,0,0,1,1,7085,0.0,84.0,360.0,1.0,2
1,LP002455,1,2,1,0,3859,0.0,96.0,360.0,1.0,2
1,LP002459,1,0,1,0,4301,0.0,118.0,360.0,1.0,3
0,LP002467,1,0,1,0,3708,2569.0,173.0,360.0,1.0,3
1,LP002472,0,2,1,0,4354,0.0,136.0,360.0,1.0,1
0,LP002473,1,0,1,0,8334,0.0,160.0,360.0,1.0,2
1,LP002478,1,0,1,1,2083,4083.0,160.0,360.0,No,2
1,LP002484,1,3,1,0,7740,0.0,128.0,180.0,1.0,3
1,LP002487,1,0,1,0,3015,2188.0,153.0,360.0,1.0,1
1,LP002489,0,1,0,0,5191,0.0,132.0,360.0,1.0,2
0,LP002493,0,0,1,0,4166,0.0,98.0,360.0,0.0,2
1,LP002494,0,0,1,0,6000,0.0,140.0,360.0,1.0,1
0,LP002500,1,3,0,0,2947,1664.0,70.0,180.0,0.0,3
1,LP002501,1,0,1,0,16692,0.0,110.0,360.0,1.0,2
1,LP002502,1,2,0,0,210,2917.0,98.0,360.0,1.0,2
0,LP002505,1,0,1,0,4333,2451.0,110.0,360.0,1.0,3
1,LP002515,1,1,1,1,3450,2079.0,162.0,360.0,1.0,2
0,LP002517,1,1,0,0,2653,1500.0,113.0,180.0,0.0,1
1,LP002519,1,3,1,0,4691,0.0,100.0,360.0,1.0,2
1,LP002522,0,0,1,1,2500,0.0,93.0,360.0,No,3
1,LP002524,0,2,1,0,5532,4648.0,162.0,360.0,1.0,1
1,LP002527,1,2,1,1,16525,1014.0,150.0,360.0,1.0,1
1,LP002529,1,2,1,0,6700,1750.0,230.0,300.0,1.0,2
0,LP002530,1,2,1,0,2873,1872.0,132.0,360.0,0.0,2
1,LP002531,1,1,1,1,16667,2250.0,86.0,360.0,1.0,2
1,LP002534,0,0,0,0,4350,0.0,154.0,360.0,1.0,1
1,LP002536,1,3,0,0,3095,0.0,113.0,360.0,1.0,1
1,LP002537,1,0,1,0,2083,3150.0,128.0,360.0,1.0,2
1,LP002541,1,0,1,0,10833,0.0,234.0,360.0,1.0,2
1,LP002543,1,2,1,0,8333,0.0,246.0,360.0,1.0,2
1,LP002544,1,1,0,0,1958,2436.0,131.0,360.0,1.0,1
0,LP002545,0,2,1,0,3547,0.0,80.0,360.0,0.0,1
0,LP002547,1,1,1,0,18333,0.0,500.0,360.0,1.0,3
1,LP002555,1,2,1,1,4583,2083.0,160.0,360.0,1.0,2
0,LP002556,0,0,1,0,2435,0.0,75.0,360.0,1.0,3
1,LP002560,0,0,0,0,2699,2785.0,96.0,360.0,No,2
1,LP002562,1,1,0,0,5333,1131.0,186.0,360.0,No,3
1,LP002571,0,0,0,0,3691,0.0,110.0,360.0,1.0,1
1,LP002582,0,0,0,1,17263,0.0,225.0,360.0,1.0,2
0,LP002585,1,0,1,0,3597,2157.0,119.0,360.0,0.0,1
1,LP002586,1,1,1,0,3326,913.0,105.0,84.0,1.0,2
1,LP002587,1,0,0,0,2600,1700.0,107.0,360.0,1.0,1
1,LP002588,1,0,1,0,4625,2857.0,111.0,12.0,No,3
1,LP002600,1,1,1,1,2895,0.0,95.0,360.0,1.0,2
0,LP002602,0,0,1,0,6283,4416.0,209.0,360.0,0.0,1
1,LP002603,0,0,1,0,645,3683.0,113.0,480.0,1.0,1
1,LP002606,0,0,1,0,3159,0.0,100.0,360.0,1.0,2
1,LP002615,1,2,1,0,4865,5624.0,208.0,360.0,1.0,2
0,LP002618,1,1,0,0,4050,5302.0,138.0,360.0,No,1
1,LP002619,1,0,0,0,3814,1483.0,124.0,300.0,1.0,2
1,LP002622,1,2,1,0,3510,4416.0,243.0,360.0,1.0,1
1,LP002624,1,0,1,0,20833,6667.0,480.0,360.0,No,3
0,LP002625,0,0,1,0,3583,0.0,96.0,360.0,1.0,3
1,LP002626,1,0,1,1,2479,3013.0,188.0,360.0,1.0,3
1,LP002634,0,1,1,0,13262,0.0,40.0,360.0,1.0,3
0,LP002637,0,0,0,0,3598,1287.0,100.0,360.0,1.0,1
1,LP002640,1,1,1,0,6065,2004.0,250.0,360.0,1.0,2
1,LP002643,1,2,1,0,3283,2035.0,148.0,360.0,1.0,3
0,LP002648,1,0,1,0,2130,6666.0,70.0,180.0,1.0,2
0,LP002652,0,0,1,0,5815,3666.0,311.0,360.0,1.0,1
1,LP002659,1,3,1,0,3466,3428.0,150.0,360.0,1.0,1
1,LP002670,1,2,1,0,2031,1632.0,113.0,480.0,1.0,2
0,LP002682,1,0,0,0,3074,1800.0,123.0,360.0,0.0,2
0,LP002683,0,0,1,0,4683,1915.0,185.0,360.0,1.0,2
0,LP002684,0,0,0,0,3400,0.0,95.0,360.0,1.0,1
1,LP002689,1,2,0,0,2192,1742.0,45.0,360.0,1.0,2
1,LP002690,0,0,1,0,2500,0.0,55.0,360.0,1.0,2
1,LP002692,1,3,1,1,5677,1424.0,100.0,360.0,1.0,1
1,LP002693,1,2,1,1,7948,7166.0,480.0,360.0,1.0,1
1,LP002699,1,2,1,1,17500,0.0,400.0,360.0,1.0,1
1,LP002705,1,0,1,0,3775,0.0,110.0,360.0,1.0,2
1,LP002706,1,1,0,0,5285,1430.0,161.0,360.0,0.0,2
1,LP002714,0,1,0,0,2679,1302.0,94.0,360.0,1.0,2
1,LP002716,0,0,0,0,6783,0.0,130.0,360.0,1.0,2
1,LP002717,1,0,1,0,1025,5500.0,216.0,360.0,No,1
1,LP002720,1,3,1,0,4281,0.0,100.0,360.0,1.0,3
0,LP002723,0,2,1,0,3588,0.0,110.0,360.0,0.0,1
0,LP002729,0,1,1,0,11250,0.0,196.0,360.0,No,2
1,LP002731,0,0,0,1,18165,0.0,125.0,360.0,1.0,3
1,LP002732,0,0,0,0,2550,2042.0,126.0,360.0,1.0,1
1,LP002734,1,0,1,0,6133,3906.0,324.0,360.0,1.0,3
1,LP002738,0,2,1,0,3617,0.0,107.0,360.0,1.0,2
0,LP002739,1,0,0,0,2917,536.0,66.0,360.0,1.0,1
1,LP002740,1,3,1,0,6417,0.0,157.0,180.0,1.0,1
1,LP002741,1,1,1,0,4608,2845.0,140.0,180.0,1.0,2
0,LP002743,0,0,1,0,2138,0.0,99.0,360.0,0.0,2
1,LP002753,0,1,1,0,3652,0.0,95.0,360.0,1.0,2
1,LP002755,1,1,0,0,2239,2524.0,128.0,360.0,1.0,3
1,LP002757,1,0,0,0,3017,663.0,102.0,360.0,No,2
1,LP002767,1,0,1,0,2768,1950.0,155.0,360.0,1.0,1
0,LP002768,0,0,0,0,3358,0.0,80.0,36.0,1.0,2
1,LP002772,0,0,1,0,2526,1783.0,145.0,360.0,1.0,1
0,LP002776,0,0,1,0,5000,0.0,103.0,360.0,0.0,2
1,LP002777,1,0,1,0,2785,2016.0,110.0,360.0,1.0,1
1,LP002785,1,1,1,0,3333,3250.0,158.0,360.0,1.0,3
0,LP002788,1,0,0,0,2454,2333.0,181.0,360.0,0.0,3
0,LP002789,1,0,1,0,3593,4266.0,132.0,180.0,0.0,1
1,LP002792,1,1,1,0,5468,1032.0,26.0,360.0,1.0,2
1,LP002794,0,0,1,0,2667,1625.0,84.0,360.0,No,3
1,LP002795,1,3,1,1,10139,0.0,260.0,360.0,1.0,2
1,LP002798,1,0,1,0,3887,2669.0,162.0,360.0,1.0,2
1,LP002804,1,0,1,0,4180,2306.0,182.0,360.0,1.0,2
1,LP002807,1,2,0,0,3675,242.0,108.0,360.0,1.0,2
1,LP002813,1,1,1,1,19484,0.0,600.0,360.0,1.0,2
1,LP002820,1,0,1,0,5923,2054.0,211.0,360.0,1.0,1
1,LP002821,0,0,0,1,5800,0.0,132.0,360.0,1.0,2
0,LP002832,1,2,1,0,8799,0.0,258.0,360.0,0.0,3
1,LP002833,1,0,0,0,4467,0.0,120.0,360.0,No,1
1,LP002836,0,0,1,0,3333,0.0,70.0,360.0,1.0,3
0,LP002837,1,3,1,0,3400,2500.0,123.0,360.0,0.0,1
0,LP002840,0,0,1,0,2378,0.0,9.0,360.0,1.0,3
0,LP002841,1,0,1,0,3166,2064.0,104.0,360.0,0.0,3
1,LP002842,1,1,1,0,3417,1750.0,186.0,360.0,1.0,3
0,LP002847,1,0,1,0,5116,1451.0,165.0,360.0,0.0,3
1,LP002855,1,2,1,0,16666,0.0,275.0,360.0,1.0,3
0,LP002862,1,2,0,0,6125,1625.0,187.0,480.0,1.0,2
0,LP002863,1,3,1,0,6406,0.0,150.0,360.0,1.0,2
1,LP002868,1,2,1,0,3159,461.0,108.0,84.0,1.0,3
0,LP002872,1,0,1,0,3087,2210.0,136.0,360.0,0.0,2
1,LP002874,0,0,1,0,3229,2739.0,110.0,360.0,1.0,3
1,LP002877,1,1,1,0,1782,2232.0,107.0,360.0,1.0,1
1,LP002888,0,0,1,0,3182,2917.0,161.0,360.0,1.0,3
1,LP002892,1,2,1,0,6540,0.0,205.0,360.0,1.0,2
0,LP002893,0,0,1,0,1836,33837.0,90.0,360.0,1.0,3
1,LP002894,1,0,1,0,3166,0.0,36.0,360.0,1.0,2
0,LP002898,1,1,1,0,1880,0.0,61.0,360.0,No,1
0,LP002911,1,1,1,0,2787,1917.0,146.0,360.0,0.0,1
0,LP002912,1,1,1,0,4283,3000.0,172.0,84.0,1.0,1
1,LP002916,1,0,1,0,2297,1522.0,104.0,360.0,1.0,3
1,LP002917,0,0,0,0,2165,0.0,70.0,360.0,1.0,2
1,LP002925,0,0,1,0,4750,0.0,94.0,360.0,1.0,2
0,LP002926,1,2,1,1,2726,0.0,106.0,360.0,0.0,2
1,LP002928,1,0,1,0,3000,3416.0,56.0,180.0,1.0,2
0,LP002931,1,2,1,1,6000,0.0,205.0,240.0,1.0,2
1,LP002933,0,3,1,1,9357,0.0,292.0,360.0,1.0,2
1,LP002936,1,0,1,0,3859,3300.0,142.0,180.0,1.0,1
1,LP002938,1,0,1,1,16120,0.0,260.0,360.0,1.0,3
1,LP002940,0,0,0,0,3833,0.0,110.0,360.0,1.0,1
0,LP002941,1,2,0,1,6383,1000.0,187.0,360.0,1.0,1
0,LP002943,0,0,1,0,2987,0.0,88.0,360.0,0.0,2
1,LP002945,1,0,1,1,9963,0.0,180.0,360.0,1.0,1
1,LP002948,1,2,1,0,5780,0.0,192.0,360.0,1.0,3
0,LP002949,0,3,1,0,416,41667.0,350.0,180.0,No,3
1,LP002950,1,0,0,0,2894,2792.0,155.0,360.0,1.0,1
1,LP002953,1,3,1,0,5703,0.0,128.0,360.0,1.0,3
1,LP002958,0,0,1,0,3676,4301.0,172.0,360.0,1.0,1
1,LP002959,1,1,1,0,12000,0.0,496.0,360.0,1.0,2
1,LP002961,1,1,1,0,3400,2500.0,173.0,360.0,1.0,2
1,LP002964,1,2,0,0,3987,1411.0,157.0,360.0,1.0,1
1,LP002974,1,0,1,0,3232,1950.0,108.0,360.0,1.0,1
1,LP002978,0,0,1,0,2900,0.0,71.0,360.0,1.0,1
1,LP002979,1,3,1,0,4106,0.0,40.0,180.0,1.0,1
1,LP002983,1,1,1,0,8072,240.0,253.0,360.0,1.0,3
1,LP002984,1,2,1,0,7583,0.0,187.0,360.0,1.0,3
0,LP002990,0,0,1,1,4583,0.0,133.0,360.0,0.0,2
0,LP001015,1,0,1,0,5720,0.0,110.0,360.0,1.0,3
0,LP001022,1,1,1,0,3076,1500.0,126.0,360.0,1.0,3
0,LP001031,1,2,1,0,5000,1800.0,208.0,360.0,1.0,3
0,LP001035,1,2,1,0,2340,2546.0,100.0,360.0,No,3
0,LP001051,0,0,0,0,3276,0.0,78.0,360.0,1.0,3
0,LP001054,1,0,0,1,2165,3422.0,152.0,360.0,1.0,3
0,LP001055,0,1,0,0,2226,0.0,59.0,360.0,1.0,2
0,LP001056,1,2,0,0,3881,0.0,147.0,360.0,0.0,1
0,LP001059,1,2,1,0,13633,0.0,280.0,240.0,1.0,3
0,LP001067,0,0,0,0,2400,2400.0,123.0,360.0,1.0,2
0,LP001078,0,0,0,0,3091,0.0,90.0,360.0,1.0,3
0,LP001082,1,1,1,0,2185,1516.0,162.0,360.0,1.0,2
0,LP001083,0,3,1,0,4166,0.0,40.0,180.0,No,3
0,LP001094,1,2,1,0,12173,0.0,166.0,360.0,0.0,2
0,LP001096,0,0,1,0,4666,0.0,124.0,360.0,1.0,2
0,LP001099,0,1,1,0,5667,0.0,131.0,360.0,1.0,3
0,LP001105,1,2,1,0,4583,2916.0,200.0,360.0,1.0,3
0,LP001107,1,3,1,0,3786,333.0,126.0,360.0,1.0,2
0,LP001108,1,0,1,0,9226,7916.0,300.0,360.0,1.0,3
0,LP001115,0,0,1,0,1300,3470.0,100.0,180.0,1.0,2
0,LP001121,1,1,0,0,1888,1620.0,48.0,360.0,1.0,3
0,LP001124,0,3,0,0,2083,0.0,28.0,180.0,1.0,3
0,LP001128,0,0,1,0,3909,0.0,101.0,360.0,1.0,3
0,LP001135,0,0,0,0,3765,0.0,125.0,360.0,1.0,3
0,LP001149,1,0,1,0,5400,4380.0,290.0,360.0,1.0,3
0,LP001153,0,0,1,0,0,24000.0,148.0,360.0,0.0,1
0,LP001163,1,2,1,0,4363,1250.0,140.0,360.0,No,3
0,LP001169,1,0,1,0,7500,3750.0,275.0,360.0,1.0,3
0,LP001174,1,0,1,0,3772,833.0,57.0,360.0,No,2
0,LP001176,0,0,1,0,2942,2382.0,125.0,180.0,1.0,3
0,LP001177,0,0,0,0,2478,0.0,75.0,360.0,1.0,2
0,LP001183,1,2,1,0,6250,820.0,192.0,360.0,1.0,3
0,LP001185,0,0,1,0,3268,1683.0,152.0,360.0,1.0,2
0,LP001187,1,0,1,0,2783,2708.0,158.0,360.0,1.0,3
0,LP001190,1,0,1,0,2740,1541.0,101.0,360.0,1.0,3
0,LP001203,0,0,1,0,3150,0.0,176.0,360.0,0.0,2
0,LP001208,1,2,1,0,7350,4029.0,185.0,180.0,1.0,3
0,LP001210,1,0,1,1,2267,2792.0,90.0,360.0,1.0,3
0,LP001211,0,0,1,1,5833,0.0,116.0,360.0,1.0,3
0,LP001219,0,0,1,0,3643,1963.0,138.0,360.0,1.0,3
0,LP001220,1,0,1,0,5629,818.0,100.0,360.0,1.0,3
0,LP001221,0,0,1,0,3644,0.0,110.0,360.0,1.0,3
0,LP001226,1,0,0,0,1750,2024.0,90.0,360.0,1.0,2
0,LP001230,0,0,1,0,6500,2600.0,200.0,360.0,1.0,2
0,LP001231,0,0,1,0,3666,0.0,84.0,360.0,1.0,3
0,LP001237,1,0,0,0,4163,1475.0,162.0,360.0,1.0,3
0,LP001242,0,0,0,0,2356,1902.0,108.0,360.0,1.0,2
0,LP001270,1,3,0,1,8000,250.0,187.0,360.0,1.0,2
0,LP001284,1,1,1,0,2419,1707.0,124.0,360.0,1.0,3
0,LP001287,1,3,0,0,3500,833.0,120.0,360.0,1.0,2
0,LP001291,1,1,1,0,3500,3077.0,160.0,360.0,1.0,2
0,LP001298,1,2,1,0,4116,1000.0,30.0,180.0,1.0,3
0,LP001312,1,0,0,1,5293,0.0,92.0,360.0,1.0,3
0,LP001313,0,0,1,0,2750,0.0,130.0,360.0,0.0,3
0,LP001317,0,0,0,0,4402,0.0,130.0,360.0,1.0,1
0,LP001321,1,2,1,0,3613,3539.0,134.0,180.0,1.0,2
0,LP001323,1,2,1,0,2779,3664.0,176.0,360.0,0.0,2
0,LP001324,1,3,1,0,4720,0.0,90.0,180.0,1.0,2
0,LP001332,1,0,0,0,2415,1721.0,110.0,360.0,1.0,2
0,LP001335,1,0,1,1,7016,292.0,125.0,360.0,1.0,3
0,LP001338,0,2,1,0,4968,0.0,189.0,360.0,1.0,2
0,LP001347,0,0,1,0,2101,1500.0,108.0,360.0,0.0,1
0,LP001348,1,3,0,0,4490,0.0,125.0,360.0,1.0,3
0,LP001351,1,0,1,0,2917,3583.0,138.0,360.0,1.0,2
0,LP001352,1,0,0,0,4700,0.0,135.0,360.0,0.0,2
0,LP001358,1,0,1,0,3445,0.0,130.0,360.0,0.0,2
0,LP001359,1,0,1,0,7666,0.0,187.0,360.0,1.0,2
0,LP001361,1,0,1,0,2458,5105.0,188.0,360.0,0.0,1
0,LP001366,0,0,1,0,3250,0.0,95.0,360.0,1.0,2
0,LP001368,0,0,1,0,4463,0.0,65.0,360.0,1.0,2
0,LP001375,1,1,1,0,4083,1775.0,139.0,60.0,1.0,3
0,LP001380,1,0,1,1,3900,2094.0,232.0,360.0,1.0,1
0,LP001386,1,0,0,0,4750,3583.0,144.0,360.0,1.0,2
0,LP001400,0,0,1,0,3583,3435.0,155.0,360.0,1.0,3
0,LP001407,1,0,1,0,3189,2367.0,186.0,360.0,1.0,3
0,LP001413,0,0,1,1,6356,0.0,50.0,360.0,1.0,1
0,LP001419,1,0,1,0,7950,0.0,185.0,360.0,1.0,3
0,LP001420,1,3,1,0,3829,1103.0,163.0,360.0,0.0,3
0,LP001428,1,3,1,0,72529,0.0,360.0,360.0,1.0,3
0,LP001445,1,2,0,0,4136,0.0,149.0,480.0,0.0,1
0,LP001446,1,0,1,0,8449,0.0,257.0,360.0,1.0,1
0,LP001450,1,0,1,0,4456,0.0,131.0,180.0,0.0,2
0,LP001452,1,2,1,0,4635,8000.0,102.0,180.0,1.0,1
0,LP001455,1,0,1,0,3571,1917.0,135.0,360.0,1.0,3
0,LP001466,0,0,1,0,3066,0.0,95.0,360.0,1.0,2
0,LP001471,0,2,0,0,3235,2015.0,77.0,360.0,1.0,2
0,LP001472,0,0,1,0,5058,0.0,200.0,360.0,1.0,1
0,LP001475,1,0,1,1,3188,2286.0,130.0,360.0,No,1
0,LP001483,1,3,1,0,13518,0.0,390.0,360.0,1.0,1
0,LP001486,1,1,1,0,4364,2500.0,185.0,360.0,1.0,2
0,LP001490,1,2,0,0,4766,1646.0,100.0,360.0,1.0,2
0,LP001496,1,1,1,0,4609,2333.0,123.0,360.0,0.0,2
0,LP001499,1,3,1,0,6260,0.0,110.0,360.0,1.0,2
0,LP001500,1,1,1,0,3333,4200.0,256.0,360.0,1.0,3
0,LP001501,1,0,1,0,3500,3250.0,140.0,360.0,1.0,2
0,LP001517,1,3,1,0,9719,0.0,61.0,360.0,1.0,3
0,LP001527,1,3,1,0,6835,0.0,188.0,360.0,No,2
0,LP001534,0,0,1,0,4452,0.0,131.0,360.0,1.0,1
0,LP001547,1,1,1,0,3901,0.0,116.0,360.0,1.0,3
0,LP001548,1,2,0,0,2687,0.0,50.0,180.0,1.0,1
0,LP001558,0,0,1,0,2243,2233.0,107.0,360.0,No,2
0,LP001561,1,0,1,0,3417,1287.0,200.0,360.0,1.0,2
0,LP001563,0,0,1,0,1596,1760.0,119.0,360.0,0.0,3
0,LP001567,1,3,1,0,4513,0.0,120.0,360.0,1.0,1
0,LP001568,1,0,1,0,4500,0.0,140.0,360.0,1.0,2
0,LP001573,1,0,0,0,4523,1350.0,165.0,360.0,1.0,3
0,LP001584,0,0,1,1,4742,0.0,108.0,360.0,1.0,2
0,LP001587,1,0,1,0,4082,0.0,93.0,360.0,1.0,2
0,LP001589,0,0,1,0,3417,0.0,102.0,360.0,1.0,3
0,LP001591,1,2,1,0,2922,3396.0,122.0,360.0,1.0,2
0,LP001599,1,0,1,0,4167,4754.0,160.0,360.0,1.0,1
0,LP001601,0,3,1,0,4243,4123.0,157.0,360.0,No,2
0,LP001607,0,0,0,0,0,1760.0,180.0,360.0,1.0,2
0,LP001613,0,0,1,0,1762,2666.0,104.0,360.0,0.0,3
0,LP001622,1,2,1,0,724,3510.0,213.0,360.0,0.0,1
0,LP001627,0,0,1,0,3125,0.0,65.0,360.0,1.0,3
0,LP001650,1,0,1,0,2333,3803.0,146.0,360.0,1.0,1
0,LP001651,1,3,1,0,3350,1560.0,135.0,360.0,1.0,3
0,LP001652,0,0,1,0,2500,6414.0,187.0,360.0,0.0,1
0,LP001655,0,0,1,0,12500,0.0,300.0,360.0,0.0,3
0,LP001660,0,0,1,0,4667,0.0,120.0,360.0,1.0,2
0,LP001662,0,0,1,0,6500,0.0,71.0,360.0,0.0,3
0,LP001663,1,2,1,0,7500,0.0,225.0,360.0,1.0,3
0,LP001667,0,0,1,0,3073,0.0,70.0,180.0,1.0,3
0,LP001703,1,0,1,0,3333,1270.0,124.0,360.0,1.0,3
0,LP001718,0,0,1,0,3391,0.0,132.0,360.0,1.0,1
0,LP001728,1,1,1,1,3343,1517.0,105.0,360.0,1.0,1
0,LP001735,0,1,1,0,3620,0.0,90.0,360.0,1.0,3
0,LP001737,0,0,1,0,4000,0.0,83.0,84.0,1.0,3
0,LP001739,1,0,1,0,4258,0.0,125.0,360.0,1.0,3
0,LP001742,1,2,1,0,4500,0.0,147.0,360.0,1.0,1
0,LP001757,1,1,1,0,2014,2925.0,120.0,360.0,1.0,1
0,LP001769,0,0,1,0,3333,1250.0,110.0,360.0,1.0,2
0,LP001771,0,3,1,0,4083,0.0,103.0,360.0,No,2
0,LP001785,0,0,1,0,4727,0.0,150.0,360.0,0.0,1
0,LP001787,1,3,1,0,3089,2999.0,100.0,240.0,1.0,1
0,LP001789,1,3,0,0,6794,528.0,139.0,360.0,0.0,3
0,LP001791,1,0,1,1,32000,0.0,550.0,360.0,No,2
0,LP001794,1,2,1,1,10890,0.0,260.0,12.0,1.0,1
0,LP001797,0,0,1,0,12941,0.0,150.0,300.0,1.0,3
0,LP001815,0,0,0,0,3276,0.0,90.0,360.0,1.0,2
0,LP001817,0,0,0,1,8703,0.0,199.0,360.0,0.0,1
0,LP001818,1,1,1,0,4742,717.0,139.0,360.0,1.0,2
0,LP001822,0,0,1,0,5900,0.0,150.0,360.0,1.0,3
0,LP001827,0,0,1,0,3071,4309.0,180.0,360.0,1.0,3
0,LP001831,1,0,1,0,2783,1456.0,113.0,360.0,1.0,3
0,LP001842,0,0,1,0,5000,0.0,148.0,360.0,1.0,1
0,LP001853,1,1,0,0,2463,2360.0,117.0,360.0,0.0,3
0,LP001855,1,2,1,0,4855,0.0,72.0,360.0,1.0,1
0,LP001857,0,0,0,1,1599,2474.0,125.0,300.0,1.0,2
0,LP001862,1,2,1,1,4246,4246.0,214.0,360.0,1.0,3
0,LP001867,1,0,1,0,4333,2291.0,133.0,350.0,1.0,1
0,LP001878,0,1,1,0,5823,2529.0,187.0,360.0,1.0,2
0,LP001881,1,0,0,0,7895,0.0,143.0,360.0,1.0,1
0,LP001886,0,0,1,0,4150,4256.0,209.0,360.0,1.0,1
0,LP001906,0,0,1,0,2964,0.0,84.0,360.0,0.0,2
0,LP001909,0,0,1,0,5583,0.0,116.0,360.0,1.0,3
0,LP001911,0,0,1,0,2708,0.0,65.0,360.0,1.0,1
0,LP001921,0,1,1,0,3180,2370.0,80.0,240.0,No,1
0,LP001923,0,0,0,0,2268,0.0,170.0,360.0,0.0,2
0,LP001933,0,2,0,0,1141,2017.0,120.0,360.0,0.0,3
0,LP001943,1,0,1,0,3042,3167.0,135.0,360.0,1.0,3
0,LP001950,1,3,1,0,1750,2935.0,94.0,360.0,0.0,2
0,LP001959,1,1,1,0,3564,0.0,79.0,360.0,1.0,1
0,LP001961,0,0,1,0,3958,0.0,110.0,360.0,1.0,1
0,LP001973,1,2,0,0,4483,0.0,130.0,360.0,1.0,1
0,LP001975,1,0,1,0,5225,0.0,143.0,360.0,1.0,1
0,LP001979,0,0,1,0,3017,2845.0,159.0,180.0,0.0,3
0,LP001995,1,0,0,0,2431,1820.0,110.0,360.0,0.0,1
0,LP001999,1,2,1,0,4912,4614.0,160.0,360.0,1.0,1
0,LP002007,1,2,0,0,2500,3333.0,131.0,360.0,1.0,3
0,LP002009,0,0,1,0,2918,0.0,65.0,360.0,No,1
0,LP002016,1,2,1,0,5128,0.0,143.0,360.0,1.0,1
0,LP002017,1,3,1,0,15312,0.0,187.0,360.0,No,3
0,LP002018,1,2,1,0,3958,2632.0,160.0,360.0,1.0,2
0,LP002027,1,0,1,0,4334,2945.0,165.0,360.0,1.0,2
0,LP002028,1,2,1,0,4358,0.0,110.0,360.0,1.0,3
0,LP002042,1,1,1,0,4000,3917.0,173.0,360.0,1.0,1
0,LP002046,1,0,0,0,4483,0.0,135.0,360.0,No,2
0,LP002047,1,2,0,0,4521,1184.0,150.0,360.0,1.0,2
0,LP002056,1,2,1,0,9167,0.0,235.0,360.0,1.0,2
0,LP002059,1,2,1,0,7874,3967.0,336.0,360.0,1.0,1
0,LP002062,1,1,1,0,4333,0.0,132.0,84.0,1.0,1
0,LP002064,0,0,1,0,4083,0.0,96.0,360.0,1.0,3
0,LP002069,1,2,0,0,3785,2912.0,180.0,360.0,0.0,1
0,LP002070,1,3,0,0,2654,1998.0,128.0,360.0,0.0,1
0,LP002077,1,1,1,0,10000,2690.0,412.0,360.0,1.0,2
0,LP002083,0,0,1,1,5833,0.0,116.0,360.0,1.0,3
0,LP002090,1,1,1,0,4796,0.0,114.0,360.0,0.0,2
0,LP002096,1,0,0,0,2000,1600.0,115.0,360.0,1.0,1
0,LP002099,1,2,1,0,2540,700.0,104.0,360.0,0.0,3
0,LP002102,1,0,1,1,1900,1442.0,88.0,360.0,1.0,1
0,LP002105,1,0,1,1,8706,0.0,108.0,480.0,1.0,1
0,LP002107,1,3,0,0,2855,542.0,90.0,360.0,1.0,3
0,LP002111,1,0,1,0,3016,1300.0,100.0,360.0,No,3
0,LP002117,1,0,1,0,3159,2374.0,108.0,360.0,1.0,2
0,LP002118,0,0,1,0,1937,1152.0,78.0,360.0,1.0,2
0,LP002123,1,0,1,0,2613,2417.0,123.0,360.0,1.0,2
0,LP002125,1,1,1,0,4960,2600.0,187.0,360.0,1.0,2
0,LP002148,1,1,1,0,3074,1083.0,146.0,360.0,1.0,2
0,LP002152,0,0,1,0,4213,0.0,80.0,360.0,1.0,3
0,LP002165,0,1,0,0,2038,4027.0,100.0,360.0,1.0,1
0,LP002167,0,0,1,0,2362,0.0,55.0,360.0,1.0,3
0,LP002168,0,0,1,0,5333,2400.0,200.0,360.0,0.0,1
0,LP002172,1,3,1,1,5384,0.0,150.0,360.0,1.0,2
0,LP002176,0,0,1,0,5708,0.0,150.0,360.0,1.0,1
0,LP002184,1,0,0,0,2914,2130.0,150.0,300.0,1.0,3
0,LP002186,1,0,0,0,2747,2458.0,118.0,36.0,1.0,2
0,LP002192,1,0,1,0,7830,2183.0,212.0,360.0,1.0,1
0,LP002195,1,1,1,1,3507,3148.0,212.0,360.0,1.0,1
0,LP002208,1,1,1,0,3747,2139.0,125.0,360.0,1.0,3
0,LP002212,1,0,1,0,2166,2166.0,108.0,360.0,No,3
0,LP002240,1,0,0,0,3500,2168.0,149.0,360.0,1.0,1
0,LP002245,1,2,0,0,2896,0.0,80.0,480.0,1.0,3
0,LP002253,0,1,1,0,5062,0.0,152.0,300.0,1.0,1
0,LP002256,0,2,1,1,5184,0.0,187.0,360.0,0.0,2
0,LP002257,0,0,1,0,2545,0.0,74.0,360.0,1.0,3
0,LP002264,1,0,1,0,2553,1768.0,102.0,360.0,1.0,3
0,LP002270,1,1,1,0,3436,3809.0,100.0,360.0,1.0,1
0,LP002279,0,0,1,0,2412,2755.0,130.0,360.0,1.0,1
0,LP002286,1,3,0,0,5180,0.0,125.0,360.0,0.0,3
0,LP002294,0,0,1,0,14911,14507.0,130.0,360.0,1.0,2
0,LP002298,0,0,1,1,2860,2988.0,138.0,360.0,1.0,3
0,LP002306,1,0,1,0,1173,1594.0,28.0,180.0,1.0,1
0,LP002310,0,1,1,0,7600,0.0,92.0,360.0,1.0,2
0,LP002311,1,0,1,0,2157,1788.0,104.0,360.0,1.0,3
0,LP002316,0,0,1,0,2231,2774.0,176.0,360.0,0.0,3
0,LP002321,0,0,1,0,2274,5211.0,117.0,360.0,0.0,2
0,LP002325,1,2,0,0,6166,13983.0,102.0,360.0,1.0,1
0,LP002326,1,2,0,0,2513,1110.0,107.0,360.0,1.0,2
0,LP002329,0,0,1,0,4333,0.0,66.0,480.0,1.0,3
0,LP002333,0,0,0,0,3844,0.0,105.0,360.0,1.0,3
0,LP002339,1,0,1,0,3887,1517.0,105.0,360.0,0.0,2
0,LP002344,1,0,1,0,3510,828.0,105.0,360.0,1.0,2
0,LP002346,1,0,1,0,2539,1704.0,125.0,360.0,0.0,1
0,LP002354,0,0,0,0,2107,0.0,64.0,360.0,1.0,2
0,LP002355,1,0,1,0,3186,3145.0,150.0,180.0,0.0,2
0,LP002358,1,2,1,1,5000,2166.0,150.0,360.0,1.0,3
0,LP002375,1,0,0,1,3943,0.0,64.0,360.0,1.0,2
0,LP002376,0,0,1,0,2925,0.0,40.0,180.0,1.0,1
0,LP002383,1,3,1,0,3242,437.0,142.0,480.0,0.0,3
0,LP002385,1,0,1,0,3863,0.0,70.0,300.0,1.0,2
0,LP002389,0,1,1,0,4028,0.0,131.0,360.0,1.0,2
0,LP002394,1,2,1,0,4010,1025.0,120.0,360.0,1.0,3
0,LP002397,1,1,1,0,3719,1585.0,114.0,360.0,1.0,3
0,LP002399,0,0,1,0,2858,0.0,123.0,360.0,0.0,1
0,LP002400,1,0,1,0,3833,0.0,92.0,360.0,1.0,1
0,LP002402,1,0,1,0,3333,4288.0,160.0,360.0,1.0,3
0,LP002412,1,0,1,0,3007,3725.0,151.0,360.0,1.0,1
0,LP002415,0,1,1,0,1850,4583.0,81.0,360.0,No,1
0,LP002417,1,3,0,0,2792,2619.0,171.0,360.0,1.0,2
0,LP002420,1,0,1,0,2982,1550.0,110.0,360.0,1.0,2
0,LP002425,0,0,1,0,3417,738.0,100.0,360.0,No,1
0,LP002433,1,1,1,0,18840,0.0,234.0,360.0,1.0,1
0,LP002440,1,2,1,0,2995,1120.0,184.0,360.0,1.0,1
0,LP002441,0,0,1,0,3579,3308.0,138.0,360.0,No,2
0,LP002442,1,1,0,0,3835,1400.0,112.0,480.0,0.0,3
0,LP002445,0,1,0,0,3854,3575.0,117.0,360.0,1.0,1
0,LP002450,1,2,1,0,5833,750.0,49.0,360.0,0.0,1
0,LP002471,0,0,1,0,3508,0.0,99.0,360.0,1.0,1
0,LP002476,1,3,0,0,1635,2444.0,99.0,360.0,1.0,3
0,LP002482,0,0,1,1,3333,3916.0,212.0,360.0,1.0,1
0,LP002485,0,1,1,0,24797,0.0,240.0,360.0,1.0,2
0,LP002495,1,2,1,0,5667,440.0,130.0,360.0,0.0,2
0,LP002496,0,0,1,0,3500,0.0,94.0,360.0,0.0,2
0,LP002523,1,3,1,0,2773,1497.0,108.0,360.0,1.0,2
0,LP002542,1,0,1,0,6500,0.0,144.0,360.0,1.0,3
0,LP002550,0,0,1,0,5769,0.0,110.0,180.0,1.0,2
0,LP002551,1,3,0,0,3634,910.0,176.0,360.0,0.0,2
0,LP002553,0,0,1,0,29167,0.0,185.0,360.0,1.0,2
0,LP002554,0,0,1,0,2166,2057.0,122.0,360.0,1.0,2
0,LP002561,1,0,1,0,5000,0.0,126.0,360.0,1.0,1
0,LP002566,0,0,1,0,5530,0.0,135.0,360.0,No,3
0,LP002568,0,0,0,0,9000,0.0,122.0,360.0,1.0,1
0,LP002570,1,2,1,0,10000,11666.0,460.0,360.0,1.0,3
0,LP002572,1,1,1,0,8750,0.0,297.0,360.0,1.0,3
0,LP002581,1,0,0,0,2157,2730.0,140.0,360.0,No,1
0,LP002584,0,0,1,0,1972,4347.0,106.0,360.0,1.0,1
0,LP002592,0,0,1,0,4983,0.0,141.0,360.0,1.0,3
0,LP002599,1,0,1,0,3667,2000.0,170.0,360.0,1.0,2
0,LP002604,1,2,1,0,3166,2833.0,145.0,360.0,1.0,3
0,LP002605,0,0,0,0,3271,0.0,90.0,360.0,1.0,1
0,LP002609,1,0,1,0,2241,2000.0,88.0,360.0,0.0,3
0,LP002610,1,1,0,0,1792,2565.0,128.0,360.0,1.0,3
0,LP002612,1,0,1,0,2666,0.0,84.0,480.0,1.0,2
0,LP002614,0,0,1,0,6478,0.0,108.0,360.0,1.0,2
0,LP002630,0,0,0,0,3808,0.0,83.0,360.0,1.0,1
0,LP002635,1,2,0,0,3729,0.0,117.0,360.0,1.0,2
0,LP002639,1,2,1,0,4120,0.0,128.0,360.0,1.0,1
0,LP002644,1,1,1,1,7500,0.0,75.0,360.0,1.0,3
0,LP002651,1,1,1,0,6300,0.0,125.0,360.0,0.0,3
0,LP002654,0,0,1,1,14987,0.0,177.0,360.0,1.0,1
0,LP002657,1,1,0,1,570,2125.0,68.0,360.0,1.0,1
0,LP002711,1,0,1,0,2600,700.0,96.0,360.0,1.0,2
0,LP002712,0,2,0,0,2733,1083.0,180.0,360.0,No,2
0,LP002721,1,2,1,1,7500,0.0,183.0,360.0,1.0,1
0,LP002735,1,2,0,0,3859,0.0,121.0,360.0,1.0,1
0,LP002744,1,1,1,0,6825,0.0,162.0,360.0,1.0,1
0,LP002745,1,0,1,0,3708,4700.0,132.0,360.0,1.0,2
0,LP002746,0,0,1,0,5314,0.0,147.0,360.0,1.0,3
0,LP002747,0,3,1,0,2366,5272.0,153.0,360.0,0.0,1
0,LP002754,0,0,1,0,2066,2108.0,104.0,84.0,1.0,3
0,LP002759,1,2,1,0,5000,0.0,149.0,360.0,1.0,1
0,LP002760,0,0,1,0,3767,0.0,134.0,300.0,1.0,3
0,LP002766,1,0,1,0,7859,879.0,165.0,180.0,1.0,2
0,LP002769,1,0,1,0,4283,0.0,120.0,360.0,1.0,1
0,LP002774,1,0,0,0,1700,2900.0,67.0,360.0,0.0,3
0,LP002775,0,0,0,0,4768,0.0,125.0,360.0,1.0,1
0,LP002781,0,0,1,0,3083,2738.0,120.0,360.0,1.0,3
0,LP002782,1,1,1,0,2667,1542.0,148.0,360.0,1.0,1
0,LP002786,1,0,0,0,1647,1762.0,181.0,360.0,1.0,3
0,LP002790,1,3,1,0,3400,0.0,80.0,120.0,1.0,3
0,LP002791,0,1,1,0,16000,5000.0,40.0,360.0,1.0,2
0,LP002793,1,0,1,0,5333,0.0,90.0,360.0,1.0,1
0,LP002802,0,0,1,0,2875,2416.0,95.0,6.0,0.0,2
0,LP002803,1,1,0,0,2600,618.0,122.0,360.0,1.0,2
0,LP002805,1,2,1,0,5041,700.0,150.0,360.0,1.0,3
0,LP002806,1,3,1,1,6958,1411.0,150.0,360.0,1.0,1
0,LP002816,1,1,1,0,3500,1658.0,104.0,360.0,No,2
0,LP002823,1,0,1,0,5509,0.0,143.0,360.0,1.0,1
0,LP002825,1,3,1,0,9699,0.0,300.0,360.0,1.0,3
0,LP002826,1,1,0,0,3621,2717.0,171.0,360.0,1.0,3
0,LP002843,1,0,1,0,4709,0.0,113.0,360.0,1.0,2
0,LP002849,1,0,1,0,1516,1951.0,35.0,360.0,1.0,2
0,LP002850,0,2,1,0,2400,0.0,46.0,360.0,1.0,3
0,LP002853,0,0,0,0,3015,2000.0,145.0,360.0,No,3
0,LP002856,1,0,1,0,2292,1558.0,119.0,360.0,1.0,3
0,LP002857,1,1,1,1,2360,3355.0,87.0,240.0,1.0,1
0,LP002858,0,0,1,0,4333,2333.0,162.0,360.0,0.0,1
0,LP002860,1,0,1,1,2623,4831.0,122.0,180.0,1.0,2
0,LP002867,0,0,1,1,3972,4275.0,187.0,360.0,1.0,1
0,LP002869,1,3,0,0,3522,0.0,81.0,180.0,1.0,1
0,LP002870,1,1,1,0,4700,0.0,80.0,360.0,1.0,3
0,LP002876,0,0,1,0,6858,0.0,176.0,360.0,1.0,1
0,LP002878,1,3,1,0,8334,0.0,260.0,360.0,1.0,3
0,LP002879,1,0,1,0,3391,1966.0,133.0,360.0,0.0,1
0,LP002885,0,0,0,0,2868,0.0,70.0,360.0,1.0,3
0,LP002890,1,2,0,0,3418,1380.0,135.0,360.0,1.0,3
0,LP002891,1,0,1,1,2500,296.0,137.0,300.0,1.0,1
0,LP002899,1,2,1,0,8667,0.0,254.0,360.0,1.0,1
0,LP002901,0,0,1,0,2283,15000.0,106.0,360.0,No,1
0,LP002907,1,0,1,0,5817,910.0,109.0,360.0,1.0,3
0,LP002920,1,0,1,0,5119,3769.0,120.0,360.0,1.0,1
0,LP002921,1,3,0,0,5316,187.0,158.0,180.0,0.0,2
0,LP002932,1,3,1,0,7603,1213.0,197.0,360.0,1.0,3
0,LP002935,1,1,1,0,3791,1936.0,85.0,360.0,1.0,3
0,LP002952,0,0,1,0,2500,0.0,60.0,360.0,1.0,3
0,LP002954,1,2,0,0,3132,0.0,76.0,360.0,No,1
0,LP002962,0,0,1,0,4000,2667.0,152.0,360.0,1.0,2
0,LP002965,1,0,1,0,8550,4255.0,96.0,360.0,No,3
0,LP002969,1,1,1,0,2269,2167.0,99.0,360.0,1.0,2
0,LP002971,1,3,0,1,4009,1777.0,113.0,360.0,1.0,3
0,LP002975,1,0,1,0,4158,709.0,115.0,360.0,1.0,3
0,LP002980,0,0,1,0,3250,1993.0,126.0,360.0,No,2
0,LP002986,1,0,1,0,5000,2393.0,158.0,360.0,1.0,1
0,LP002989,0,0,1,1,9200,0.0,98.0,180.0,1.0,1
